date,Mkt_RF,SMB,HML,Mom,ST_Rev,LT_Rev,CMA,RMW
1987-03-31,    1.63,    0.32,    1.66,   1.66,   1.85,   3.91,    4.17,    1.30
1987-04-30,   -2.09,   -1.58,   -0.36,   0.20,  -1.89,   3.63,    1.16,   -0.52
1987-05-31,    0.11,   -0.58,    0.22,  -0.77,  -0.22,   2.11,    1.13,    0.49
1987-06-30,    3.91,   -2.11,    1.13,  -0.22,   0.13,  -1.57,    1.07,    1.56
1987-07-31,    3.84,   -1.07,    0.94,   2.57,  -0.23,   2.25,    1.58,   -0.65
1987-08-31,    3.52,   -1.01,   -0.98,  -0.95,   2.57,  -2.87,   -1.55,    2.11
1987-09-30,   -2.58,    0.45,    0.26,   0.80,  -0.44,   2.98,    1.82,   -0.88
1987-10-31,  -23.19,   -7.91,    4.18,  -7.75,  -0.28,  -5.68,    2.24,    2.29
1987-11-30,   -7.76,    2.78,    3.14,  -1.21,  -0.74,  -0.40,    0.60,   -1.93
1987-12-31,    6.82,   -0.01,   -4.42,   5.88,   5.86,   2.65,   -2.46,    3.13
1988-01-31,    4.21,   -0.56,    4.93,  -7.35,   7.81,  -1.63,    2.10,   -1.19
1988-02-29,    4.77,    3.30,   -1.53,  -1.45,   4.36,   1.36,    0.06,    1.51
1988-03-31,   -2.26,    6.11,    0.86,   0.61,  -0.99,   1.18,    1.78,   -0.23
1988-04-30,    0.56,    1.09,    1.51,   2.20,   0.31,   0.42,    1.90,   -0.09
1988-05-31,   -0.27,   -2.52,    2.44,   0.66,   0.63,  -0.05,    0.30,   -0.77
1988-06-30,    4.78,    2.07,   -1.35,  -3.02,   1.90,   1.71,   -3.52,    1.52
1988-07-31,   -1.25,   -0.18,    2.18,   0.66,   3.38,  -1.41,    1.53,   -0.49
1988-08-31,   -3.31,   -0.02,    2.14,   0.36,  -1.96,  -1.79,    1.65,   -0.85
1988-09-30,    3.31,   -1.38,   -0.75,   0.29,  -0.15,  -1.99,   -0.55,    1.76
1988-10-31,    1.16,   -2.97,    2.03,   1.30,  -0.94,  -0.19,    0.99,    1.39
1988-11-30,   -2.27,   -1.58,    1.47,   0.18,  -0.67,  -0.79,    1.64,   -0.36
1988-12-31,    1.48,    1.94,   -1.83,   0.31,   2.31,   0.74,   -0.38,    0.69
1989-01-31,    6.06,   -2.26,    0.61,  -0.25,   1.10,   2.89,    0.11,   -0.97
1989-02-28,   -2.23,    2.70,    0.99,   0.99,   1.08,   0.89,    1.88,   -0.84
1989-03-31,    1.57,    0.68,    0.47,   3.51,  -0.88,   0.48,    0.65,   -0.01
1989-04-30,    4.35,   -0.75,   -1.48,   1.71,  -0.61,  -1.08,   -0.48,    0.73
1989-05-31,    3.28,   -0.06,   -0.90,   1.42,  -2.70,  -1.75,   -0.26,    0.45
1989-06-30,   -1.33,   -1.04,    2.21,   0.40,   2.38,  -0.73,    1.52,    0.13
1989-07-31,    7.18,   -4.11,   -2.80,   5.32,   1.46,  -1.81,   -0.56,    2.05
1989-08-31,    1.43,    0.48,    0.62,  -0.49,   2.13,  -0.28,   -0.61,    0.36
1989-09-30,   -0.76,    0.47,   -1.27,   3.51,   1.08,  -2.65,    0.58,    1.39
1989-10-31,   -3.65,   -3.30,   -1.16,   1.35,  -4.33,  -3.56,   -0.11,    0.08
1989-11-30,    1.04,   -1.26,   -1.13,   2.70,  -1.71,  -1.21,    1.38,   -0.74
1989-12-31,    1.18,   -2.28,    0.15,   2.79,  -2.44,  -0.81,    1.31,   -0.07
1990-01-31,   -7.80,   -1.21,    0.83,  -2.98,   1.03,   3.40,    1.40,   -1.12
1990-02-28,    1.11,    1.15,    0.65,  -0.51,   0.49,   1.92,   -0.61,   -0.04
1990-03-31,    1.83,    1.59,   -2.90,   1.72,   0.20,  -0.28,   -0.94,    1.99
1990-04-30,   -3.36,   -0.35,   -2.57,   2.28,  -1.83,  -1.27,   -1.00,    1.78
1990-05-31,    8.44,   -2.41,   -3.89,   3.14,  -0.36,   0.78,   -1.63,    1.68
1990-06-30,   -1.09,    1.31,   -2.00,   2.49,  -0.10,  -1.52,   -0.39,   -0.99
1990-07-31,   -1.90,   -3.15,   -0.06,   6.04,  -0.74,  -1.83,    3.21,   -0.10
1990-08-31,  -10.13,   -3.79,    1.56,   1.97,  -3.70,   1.64,    2.99,   -0.48
1990-09-30,   -6.11,   -3.72,    0.59,   5.71,  -6.04,   0.62,    3.62,    0.03
1990-10-31,   -1.91,   -5.06,    0.08,   6.74,  -2.73,  -3.53,   -0.25,    3.17
1990-11-30,    6.35,    0.02,   -2.97,  -5.36,   5.74,  -0.79,   -4.71,    0.58
1990-12-31,    2.48,    0.60,   -1.57,   0.25,  -2.93,  -2.18,   -1.98,    2.66
1991-01-31,    4.69,    3.87,   -1.48,  -6.47,  -1.87,   6.08,   -4.07,    1.34
1991-02-28,    7.21,    4.02,   -0.62,  -4.94,   2.03,   1.10,   -0.34,   -0.06
1991-03-31,    2.67,    3.81,   -1.30,   2.71,   0.55,  -0.37,   -0.99,   -0.52
1991-04-30,   -0.29,    0.35,    1.49,  -2.32,   1.73,  -1.29,    0.81,    0.67
1991-05-31,    3.66,    0.14,   -0.52,  -0.09,   0.14,   1.40,   -2.36,    2.07
1991-06-30,   -4.94,    0.30,    1.08,   0.42,   2.10,  -1.83,    0.68,    1.75
1991-07-31,    4.24,   -1.00,   -1.30,   4.26,   2.24,   0.74,   -1.44,    1.60
1991-08-31,    2.32,    1.42,   -0.79,   1.58,  -2.84,  -0.50,   -0.32,    0.85
1991-09-30,   -1.59,    1.58,   -1.23,   1.75,  -0.68,  -0.93,   -0.04,   -1.77
1991-10-31,    1.29,    0.85,   -0.43,   3.18,  -1.14,   2.24,   -0.30,   -1.65
1991-11-30,   -4.20,   -0.88,   -1.77,   1.18,  -0.42,  -2.70,   -0.12,    1.10
1991-12-31,   10.86,   -2.41,   -4.23,   8.29,   0.83,  -0.98,   -3.14,    3.67
1992-01-31,   -0.59,    9.19,    4.67,  -2.50,   5.20,   9.40,    3.25,   -1.17
1992-02-29,    1.09,    1.30,    6.51,  -0.70,  -2.91,   5.29,    2.25,    0.07
1992-03-31,   -2.66,   -0.89,    3.49,  -0.21,  -1.04,   1.43,    1.82,   -0.06
1992-04-30,    1.09,   -5.75,    4.36,  -2.55,  -3.42,   0.70,    2.40,    1.65
1992-05-31,    0.30,    0.20,    1.11,   0.06,  -0.16,  -0.43,    0.49,   -0.91
1992-06-30,   -2.33,   -2.76,    3.24,  -0.57,   0.95,   1.29,    0.95,   -0.06
1992-07-31,    3.78,   -0.65,   -0.51,   1.47,   2.02,  -1.30,   -0.97,    1.24
1992-08-31,   -2.38,   -0.39,   -1.09,  -0.47,  -1.52,  -4.19,   -1.64,    3.66
1992-09-30,    1.19,    0.47,   -0.19,   1.44,  -1.03,   0.09,   -0.68,    1.61
1992-10-31,    1.02,    2.09,   -1.98,   2.50,  -0.11,  -1.00,   -0.91,    1.19
1992-11-30,    4.14,    3.88,   -1.52,  -0.25,  -1.02,   0.24,   -1.58,   -0.54
1992-12-31,    1.53,    1.65,    2.64,   4.33,   1.22,   0.91,    0.83,   -0.52
1993-01-31,    0.93,    1.94,    5.90,   4.85,  -0.41,   5.57,    2.94,   -1.90
1993-02-28,    0.12,   -3.37,    6.48,   3.18,  -1.44,   4.21,    4.15,   -0.47
1993-03-31,    2.32,    0.09,    1.26,   3.70,  -0.95,   1.90,    0.82,   -0.22
1993-04-30,   -3.05,   -0.81,    2.55,   0.36,  -1.65,   2.35,    1.38,   -3.69
1993-05-31,    2.89,    1.94,   -3.46,   0.21,   1.39,   1.26,   -1.03,   -0.14
1993-06-30,    0.30,    0.12,    2.64,   4.57,   2.20,   1.68,    1.16,   -0.91
1993-07-31,   -0.34,    0.96,    2.87,   3.22,  -2.63,   1.11,    2.05,   -1.84
1993-08-31,    3.72,    0.08,    0.18,   2.54,   1.26,   1.03,    0.04,   -1.52
1993-09-30,   -0.12,    3.02,   -0.24,   3.39,   0.74,   0.65,   -0.19,    0.25
1993-10-31,    1.41,    1.86,   -2.78,  -2.67,   1.92,   1.92,    0.56,    0.61
1993-11-30,   -1.86,   -1.31,   -0.78,  -4.77,  -1.37,   1.43,   -1.03,    2.19
1993-12-31,    1.65,    1.35,    0.25,   2.33,   1.12,   0.47,   -0.35,    1.14
1994-01-31,    2.87,   -0.05,    1.10,   0.11,   1.65,   3.75,    1.39,   -1.54
1994-02-28,   -2.55,    2.62,   -1.52,  -0.34,   0.46,  -0.21,   -0.94,    2.08
1994-03-31,   -4.79,   -1.03,    1.67,  -1.32,   0.07,   0.50,    1.39,    0.65
1994-04-30,    0.68,   -1.00,    1.66,   0.33,  -0.40,   0.39,    1.14,    1.05
1994-05-31,    0.58,   -2.49,    0.60,  -2.05,   0.07,   1.62,    0.60,    0.64
1994-06-30,   -3.04,   -0.52,    1.77,  -0.90,   0.10,   0.46,    1.50,    1.05
1994-07-31,    2.82,   -1.87,    0.61,   0.11,   1.41,   0.46,    0.10,   -0.66
1994-08-31,    4.02,    1.44,   -2.55,   1.54,   1.40,   2.28,   -1.52,    0.98
1994-09-30,   -2.28,    2.71,   -1.81,   1.32,  -0.71,   1.68,    1.06,    0.56
1994-10-31,    1.35,   -2.22,   -1.66,   1.31,  -0.19,   0.62,   -0.73,    0.18
1994-11-30,   -4.03,    0.09,   -0.73,  -0.12,  -2.00,  -1.67,   -0.53,    0.48
1994-12-31,    0.86,   -0.05,   -0.09,   3.45,   0.81,   0.24,    0.36,    0.40
1995-01-31,    1.80,   -3.07,    2.59,  -1.84,   4.06,  -0.41,   -0.65,    0.15
1995-02-28,    3.63,   -0.49,    0.99,  -0.47,   2.34,  -0.91,   -0.40,    0.61
1995-03-31,    2.19,   -0.53,   -2.13,   0.45,  -0.03,   1.14,    0.23,   -0.13
1995-04-30,    2.11,   -0.26,    1.67,   1.80,  -0.45,   0.39,    0.82,    0.43
1995-05-31,    2.90,   -2.17,    2.28,  -0.55,  -0.44,  -1.11,    0.01,    0.41
1995-06-30,    2.72,    3.05,   -2.54,   3.01,   1.11,  -1.86,   -2.39,   -0.23
1995-07-31,    3.71,    2.12,   -1.58,   2.60,  -2.05,  -0.91,   -1.58,    0.22
1995-08-31,    0.55,    1.70,    2.68,   0.05,   1.28,  -1.10,    1.49,   -1.17
1995-09-30,    3.36,   -1.86,   -0.11,   2.86,  -0.85,  -0.96,    0.40,    0.99
1995-10-31,   -1.51,   -4.07,   -0.49,   4.17,  -1.02,   0.57,   -0.10,    1.93
1995-11-30,    3.96,   -1.06,    0.52,  -0.72,   0.61,   0.64,    1.00,   -0.57
1995-12-31,    1.04,    0.65,    0.24,   2.48,  -0.97,   3.99,    3.02,   -1.44
1996-01-31,    2.26,   -2.64,    0.46,   0.57,   1.18,   1.31,    2.30,    0.26
1996-02-29,    1.33,    1.77,   -1.05,   0.57,   2.22,  -1.33,   -1.89,    0.16
1996-03-31,    0.74,    1.56,    0.42,  -1.85,  -0.11,  -0.31,   -0.95,    1.44
1996-04-30,    2.05,    4.70,   -3.97,  -0.94,   0.67,  -0.60,   -2.03,   -0.20
1996-05-31,    2.36,    3.23,   -0.90,   1.62,  -1.00,   1.45,   -0.33,    0.03
1996-06-30,   -1.13,   -3.67,    2.33,   1.02,  -0.23,  -0.12,    1.20,    3.50
1996-07-31,   -5.96,   -3.78,    5.19,  -0.15,  -2.44,  -0.02,    2.68,    2.90
1996-08-31,    2.77,    2.58,   -0.82,  -0.02,   2.49,  -1.50,   -2.47,   -0.38
1996-09-30,    5.01,   -1.41,   -2.74,   2.67,   0.52,  -2.12,   -2.13,    1.30
1996-10-31,    0.87,   -3.79,    4.88,   3.72,  -1.11,   0.10,    2.97,    1.38
1996-11-30,    6.25,   -3.82,    1.40,  -2.35,   0.20,  -2.51,   -0.69,    2.06
1996-12-31,   -1.70,    3.19,    1.28,   0.53,   0.58,  -0.58,    1.49,    0.23
1997-01-31,    4.97,   -1.82,   -1.44,   1.87,   2.70,  -1.66,   -0.07,    1.22
1997-02-28,   -0.48,   -2.54,    5.61,  -2.18,   1.24,   0.93,    3.47,    0.72
1997-03-31,   -5.02,   -0.41,    3.39,   0.88,   0.87,   2.11,    1.53,    0.39
1997-04-30,    4.04,   -5.70,    0.00,   4.83,   2.41,  -3.92,   -1.02,    3.36
1997-05-31,    6.73,    4.68,   -4.11,  -5.19,   2.92,  -2.10,   -2.76,   -1.04
1997-06-30,    4.10,    1.17,    1.44,   2.59,   0.76,   0.22,    0.45,    0.56
1997-07-31,    7.31,   -2.74,    0.13,   3.70,   3.89,  -1.04,   -2.56,    0.18
1997-08-31,   -4.09,    7.50,    1.13,  -2.57,  -0.06,   3.13,   -0.17,   -1.02
1997-09-30,    5.34,    2.48,    0.24,   1.46,   1.71,  -0.48,   -0.93,   -1.58
1997-10-31,   -3.81,   -0.56,    2.33,  -0.53,  -0.91,   0.36,    2.01,    0.75
1997-11-30,    2.99,   -5.01,    1.22,   0.38,  -1.95,   0.97,    1.73,    3.08
1997-12-31,    1.36,   -2.09,    3.74,   3.91,  -2.87,   0.14,    1.95,    0.64
1998-01-31,    0.14,   -1.28,   -1.68,   0.05,   5.03,  -0.86,   -0.62,    0.91
1998-02-28,    7.04,    0.05,   -0.93,  -1.19,   1.87,  -1.21,   -2.58,   -0.37
1998-03-31,    4.76,   -0.73,    1.38,   2.13,   1.83,   2.22,   -0.23,   -0.55
1998-04-30,    0.74,    0.01,    1.03,   0.76,   1.74,  -0.95,   -0.36,   -1.68
1998-05-31,   -3.05,   -3.00,    3.41,   1.91,   0.72,   1.44,    2.47,    1.03
1998-06-30,    3.21,   -3.61,   -2.03,   7.26,  -1.38,  -0.84,   -3.03,   -0.26
1998-07-31,   -2.42,   -5.20,   -1.83,   3.79,  -1.95,   0.41,    0.76,    1.64
1998-08-31,  -16.05,   -4.97,    3.57,   1.90,  -2.86,   4.19,    5.78,    3.35
1998-09-30,    6.19,   -0.89,   -3.51,  -0.65,   3.03,   0.25,   -2.84,   -1.84
1998-10-31,    6.98,   -3.36,   -2.33,  -5.33,   9.11,  -4.15,    0.18,    0.88
1998-11-30,    6.07,    0.76,   -3.24,   1.13,   1.35,  -0.37,   -0.92,   -0.92
1998-12-31,    6.15,   -1.50,   -4.25,   8.87,  -1.67,  -1.07,   -3.26,   -0.69
1999-01-31,    3.47,   -0.82,   -4.46,   2.84,  -2.25,   1.25,   -6.41,   -2.80
1999-02-28,   -4.08,   -5.15,    1.95,  -0.14,   2.45,   0.40,    4.08,   -1.23
1999-03-31,    3.48,   -4.37,   -2.61,  -1.21,   0.16,  -1.17,   -1.07,   -4.05
1999-04-30,    4.34,    4.52,    2.40,  -8.98,   2.12,   5.28,    0.84,   -2.47
1999-05-31,   -2.46,    3.75,    2.49,  -5.25,   1.15,   3.44,    3.18,    0.95
1999-06-30,    4.77,    2.34,   -3.22,   4.66,   1.33,  -0.14,   -2.91,    0.93
1999-07-31,   -3.49,    2.54,   -0.18,   1.70,   1.56,   1.94,    3.27,    0.29
1999-08-31,   -1.37,   -1.67,   -1.93,   2.98,  -3.44,  -1.69,    0.72,   -0.24
1999-09-30,   -2.77,    2.48,   -2.90,   6.38,  -0.40,   0.34,   -0.99,   -0.96
1999-10-31,    6.09,   -7.13,   -2.88,   5.45,  -1.48,  -3.16,   -0.87,   -1.75
1999-11-30,    3.41,    5.69,   -5.65,   5.49,   0.58,   5.20,   -1.84,   -4.18
1999-12-31,    7.66,    5.10,   -7.66,  13.14, -14.19,   5.61,   -5.87,   -8.00
2000-01-31,   -4.74,    4.21,   -1.12,   1.86,   2.62,   1.62,    4.56,   -6.15
2000-02-29,    2.45,   18.46,   -9.77,  18.02, -13.40,   7.42,   -1.13,  -18.95
2000-03-31,    5.21,  -15.54,    8.50,  -6.85,  10.09,  -4.75,   -1.20,   11.65
2000-04-30,   -6.35,   -4.75,    6.45,  -8.60,  -2.08,   0.26,    5.63,    8.07
2000-05-31,   -4.39,   -3.86,    4.59,  -8.99,  -8.83,  -1.89,    1.47,    4.05
2000-06-30,    4.68,    9.95,   -8.04,  16.63,  12.26,   2.42,   -3.17,   -8.31
2000-07-31,   -2.48,   -0.94,    8.06,  -0.16,   6.64,  -3.13,    2.98,    5.72
2000-08-31,    7.03,   -0.95,   -1.37,   5.59,   0.45,   1.10,    1.21,   -3.06
2000-09-30,   -5.44,    0.27,    7.24,   1.89,   2.26,  -2.58,    5.54,    2.70
2000-10-31,   -2.78,   -2.58,    5.58,  -4.56,  -4.78,  -1.08,    3.71,    9.54
2000-11-30,  -10.70,   -0.35,   12.24,  -2.17, -14.63,   0.58,    8.35,   13.05
2000-12-31,    1.18,    3.26,    7.55,   6.59,  -6.97,   3.18,    4.82,    1.92
2001-01-31,    3.25,    5.23,   -5.05, -25.35,  16.68,  -2.82,   -5.21,   -5.20
2001-02-28,  -10.03,    2.87,   12.23,  12.60,  12.53,  11.08,    9.01,    9.12
2001-03-31,   -7.25,    2.33,    6.47,   8.65,  -7.60,   3.92,    3.72,    3.34
2001-04-30,    7.94,   -0.88,   -4.64,  -8.01,   9.82,  -3.84,   -3.19,   -3.18
2001-05-31,    0.68,    3.55,    3.38,   2.15,   3.85,   3.87,    1.95,    0.29
2001-06-30,   -1.94,    6.69,   -1.26,   0.62,   0.75,   1.86,   -1.67,    1.57
2001-07-31,   -2.13,   -2.86,    4.95,   5.48,   1.17,   2.75,    2.90,    7.29
2001-08-31,   -6.40,    2.54,    2.86,   5.46,  -3.73,   5.85,    6.53,    3.81
2001-09-30,   -9.24,   -5.74,    1.52,  11.38,  -4.99,   0.16,    3.35,    5.03
2001-10-31,    2.48,    5.34,   -7.31,  -8.32,  14.94,  -1.69,   -4.36,   -2.98
2001-11-30,    7.53,   -0.36,    2.17,  -8.61,  -3.12,   0.27,   -1.68,   -3.49
2001-12-31,    1.61,    5.11,    0.83,   0.02,   1.61,   1.22,   -0.28,    0.26
2002-01-31,   -1.44,    1.28,    3.42,   3.65,   1.94,   3.24,    2.83,    4.73
2002-02-28,   -2.28,   -0.38,    2.34,   6.83,   0.09,   4.02,    5.10,    8.03
2002-03-31,    4.24,    4.15,    1.08,  -1.69,   2.77,   2.14,    0.66,   -1.83
2002-04-30,   -5.21,    6.63,    4.01,   7.70,   2.19,   5.95,    5.35,    4.59
2002-05-31,   -1.36,   -3.07,    1.52,   3.09,  -2.60,   2.28,    2.53,    2.31
2002-06-30,   -7.23,    3.76,    0.37,   6.24,  -3.62,   2.14,    2.66,    3.92
2002-07-31,   -8.19,   -6.33,   -3.51,   3.63,   1.32,  -2.83,   -1.10,    3.84
2002-08-31,    0.50,   -1.28,    3.01,   1.87,   1.44,  -0.73,   -1.40,    1.37
2002-09-30,  -10.34,    3.05,    1.26,   9.18,  -1.73,  -0.71,   -2.29,    3.29
2002-10-31,    7.84,   -4.29,   -3.76,  -5.58,   7.38,  -0.14,    0.73,   -3.16
2002-11-30,    5.96,    2.94,   -1.16, -16.43,  -0.01,   4.25,    5.16,   -9.25
2002-12-31,   -5.76,    0.55,    2.11,   9.72,  10.83,   1.96,   -1.79,    6.32
2003-01-31,   -2.57,    0.71,   -0.79,   1.59,   0.29,   0.31,    0.69,   -0.93
2003-02-28,   -1.88,   -0.87,   -1.36,   1.21,  -0.69,  -1.73,   -0.68,    0.79
2003-03-31,    1.09,    0.77,   -2.11,   1.40,   0.03,  -2.72,   -0.81,    1.68
2003-04-30,    8.18,    1.14,    1.22,  -9.35,   3.04,  -0.86,    0.98,   -4.68
2003-05-31,    6.05,    4.78,    0.70, -10.75,  -1.49,   3.47,    3.07,   -6.94
2003-06-30,    1.42,    1.65,    0.14,  -1.23,  -0.10,   1.23,   -0.40,    0.44
2003-07-31,    2.33,    4.40,   -1.53,  -0.30,   2.37,   0.77,    1.52,   -3.89
2003-08-31,    2.33,    2.37,    1.64,  -0.53,  -1.54,  -0.51,    2.15,   -2.29
2003-09-30,   -1.24,    0.57,    0.14,  -0.07,   4.48,   1.15,    0.41,    0.90
2003-10-31,    6.08,    2.63,    2.21,   4.01,   2.19,   1.98,    1.65,   -1.38
2003-11-30,    1.35,    2.31,    1.72,   1.36,  -1.48,   1.96,    1.68,    0.21
2003-12-31,    4.29,   -2.51,    1.51,  -5.54,   1.86,   1.93,    0.85,    0.57
2004-01-31,    2.15,    2.46,    2.42,   2.57,   2.31,   2.06,    3.33,   -3.60
2004-02-29,    1.40,   -0.92,    0.95,  -1.17,   1.53,  -2.84,   -1.17,    2.13
2004-03-31,   -1.32,    2.11,    0.23,   0.19,  -2.15,  -1.77,   -0.98,    1.65
2004-04-30,   -1.82,   -2.06,   -3.23,  -5.34,  -0.22,  -2.22,   -2.83,    3.46
2004-05-31,    1.18,   -0.40,   -0.18,   1.49,   2.28,   0.86,    0.01,   -1.17
2004-06-30,    1.86,    2.52,    1.21,   2.08,   0.31,   1.78,   -0.31,    1.12
2004-07-31,   -4.04,   -2.92,    3.22,  -2.24,  -1.33,  -2.45,   -1.68,    5.21
2004-08-31,    0.08,   -1.18,    1.08,  -1.55,  -2.31,  -2.99,   -1.35,    1.21
2004-09-30,    1.60,    3.22,   -0.05,   5.48,   3.09,  -1.37,   -1.72,   -1.49
2004-10-31,    1.42,    0.15,   -0.26,  -1.43,   0.24,   0.94,    0.41,   -0.53
2004-11-30,    4.53,    4.12,    1.57,   3.08,   1.49,  -1.04,   -0.18,   -0.52
2004-12-31,    3.41,   -0.04,   -0.23,  -2.85,   0.97,   0.81,    0.39,   -1.07
2005-01-31,   -2.75,   -1.11,    2.06,   2.96,   1.50,  -2.99,   -1.41,    2.80
2005-02-28,    1.88,   -0.30,    1.41,   3.43,  -2.47,  -1.55,   -0.21,    1.32
2005-03-31,   -1.93,   -1.41,    2.07,   0.43,   0.09,  -0.75,    1.34,    0.44
2005-04-30,   -2.60,   -3.97,    0.05,  -0.68,  -1.83,  -1.40,   -0.85,    0.97
2005-05-31,    3.65,    2.76,   -0.58,   0.37,   3.17,   0.73,    0.28,   -1.02
2005-06-30,    0.58,    3.26,    2.80,   2.07,   0.04,  -1.49,   -0.52,    0.87
2005-07-31,    3.92,    2.76,   -0.78,   0.03,  -0.11,   0.93,   -0.78,   -1.19
2005-08-31,   -1.20,   -0.94,    1.34,   2.07,  -1.36,   0.48,    0.38,   -1.96
2005-09-30,    0.48,   -0.31,    0.78,   3.46,  -3.65,  -0.12,   -0.61,    0.26
2005-10-31,   -2.04,   -1.50,    0.43,  -1.19,   1.40,  -1.03,   -1.26,   -0.70
2005-11-30,    3.61,    0.90,   -1.19,   0.34,   0.11,   0.32,   -1.09,   -0.79
2005-12-31,   -0.24,   -0.25,    0.15,   0.78,   2.01,  -1.01,    0.20,    0.18
2006-01-31,    3.03,    5.83,    0.99,   2.52,  -1.02,   1.18,   -0.35,   -0.66
2006-02-28,   -0.30,   -0.46,   -0.31,  -1.78,   3.35,   1.57,    1.98,   -0.54
2006-03-31,    1.47,    3.34,    0.61,   1.26,  -0.03,   0.50,   -0.44,    0.03
2006-04-30,    0.73,   -0.79,    2.26,   0.60,  -0.32,  -0.31,   -0.13,    1.74
2006-05-31,   -3.56,   -2.90,    2.38,  -3.66,  -0.04,  -0.15,    1.53,    0.87
2006-06-30,   -0.34,   -0.24,    0.85,   1.55,  -0.62,  -1.12,   -0.13,    1.32
2006-07-31,   -0.77,   -3.60,    2.62,  -2.04,   0.21,   1.45,    0.84,    1.63
2006-08-31,    2.03,    0.45,   -1.95,  -3.36,   1.64,   2.96,    2.14,   -1.81
2006-09-30,    1.84,   -1.39,    0.06,  -0.98,   0.77,   1.73,    0.46,    0.78
2006-10-31,    3.22,    1.98,   -0.33,  -0.25,  -0.28,  -0.48,    0.32,   -0.11
2006-11-30,    1.70,    0.63,    0.04,  -1.04,  -0.95,  -1.87,   -0.80,    0.20
2006-12-31,    0.85,   -0.81,    2.74,   0.79,   2.41,   1.89,    1.88,   -0.65
2007-01-31,    1.38,    0.02,   -0.68,   0.17,   1.15,  -0.66,    0.40,    0.19
2007-02-28,   -1.96,    1.33,   -0.08,  -1.29,   0.18,  -0.69,   -0.66,   -0.52
2007-03-31,    0.71,    0.14,   -0.88,   2.58,  -2.06,  -1.16,   -0.67,    0.55
2007-04-30,    3.49,   -2.08,   -1.44,  -0.16,  -0.30,   0.29,    1.01,    1.18
2007-05-31,    3.24,    0.33,   -0.59,  -0.33,  -1.02,  -2.42,   -1.26,    1.47
2007-06-30,   -1.96,    0.70,   -1.05,   0.52,  -0.64,  -0.12,    0.06,    0.49
2007-07-31,   -3.72,   -3.05,   -3.68,   2.84,  -3.65,  -2.02,   -1.16,    0.26
2007-08-31,    0.94,   -0.33,   -1.87,  -0.03,  -2.57,  -0.12,   -0.57,   -1.27
2007-09-30,    3.22,   -2.44,   -2.17,   4.43,   0.33,  -2.75,   -2.94,   -0.49
2007-10-31,    1.79,   -0.03,   -2.87,   5.03,  -3.97,  -1.59,    0.06,   -0.33
2007-11-30,   -4.80,   -2.91,   -1.09,   1.12,  -1.72,   0.64,   -0.36,    1.75
2007-12-31,   -0.87,    0.18,   -0.51,   6.56,  -2.06,  -1.85,   -1.07,    0.90
2008-01-31,   -6.32,   -0.63,    4.00,  -7.74,   6.89,   1.82,    2.06,    2.12
2008-02-29,   -3.09,   -0.64,   -0.72,   6.13,   4.98,  -1.98,   -0.97,    1.07
2008-03-31,   -0.94,    0.59,    0.31,   4.25,  -0.38,   2.88,    0.47,    0.89
2008-04-30,    4.61,   -1.16,   -0.96,  -0.33,   3.16,  -4.56,   -2.56,    1.81
2008-05-31,    1.87,    3.04,   -1.50,   3.39,  -2.16,  -4.52,    0.14,    0.92
2008-06-30,   -8.43,    1.16,   -2.51,  12.71,  -7.11,  -3.12,   -0.69,    4.98
2008-07-31,   -0.75,    3.71,    5.20,  -5.02,   8.02,   7.37,    0.99,   -1.36
2008-08-31,    1.53,    3.28,    1.52,  -4.48,  -0.38,   1.36,    0.66,    1.83
2008-09-30,   -9.35,    0.38,    5.66,   0.86,  -3.96,   5.62,    1.70,    2.40
2008-10-31,  -17.20,   -3.06,   -1.89,   7.87,  -9.56,   2.07,    1.38,    2.73
2008-11-30,   -7.74,   -4.00,   -6.21,   7.28,  -9.98,  -2.31,    2.39,    4.67
2008-12-31,    1.77,    3.33,    0.05,  -5.09,   5.31,   0.12,   -1.52,    0.03
2009-01-31,   -8.09,   -2.09,  -11.02,  -2.36,   0.28,  -6.66,   -1.16,    0.00
2009-02-28,  -10.14,   -1.17,   -6.60,   4.36,  -6.67,   1.05,   -0.62,    1.01
2009-03-31,    9.01,    0.59,    3.48, -11.83,   3.07,   3.41,   -2.00,   -2.58
2009-04-30,   10.17,    7.14,    5.38, -34.34,  -6.33,  -0.35,    0.50,    1.34
2009-05-31,    5.20,   -2.24,    0.41, -12.53,  -2.73,  -1.47,   -1.99,   -0.81
2009-06-30,    0.42,    2.27,   -2.76,   5.45,   4.78,   1.32,   -0.37,   -1.41
2009-07-31,    7.74,    2.31,    4.89,  -5.54,   4.40,   4.99,    3.08,   -0.26
2009-08-31,    3.33,   -0.10,    7.60,  -9.10,  -2.10,   5.62,    3.30,   -2.85
2009-09-30,    4.08,    2.72,    1.15,  -4.87,   1.20,  -1.69,    0.34,    1.15
2009-10-31,   -2.55,   -4.85,   -4.17,   2.49,   2.23,  -4.85,   -1.48,    4.22
2009-11-30,    5.58,   -2.76,   -0.33,   0.39,   0.47,   1.41,    0.00,    0.90
2009-12-31,    2.74,    6.14,   -0.11,   3.00,   1.73,   0.76,   -0.09,    0.71
2010-01-31,   -3.35,    0.40,    0.33,  -5.33,   3.65,   1.77,    0.51,   -1.08
2010-02-28,    3.39,    1.49,    3.18,   3.69,   1.69,   2.61,    1.42,   -0.29
2010-03-31,    6.30,    1.83,    2.19,   3.57,   0.77,   4.28,    1.74,   -0.61
2010-04-30,    2.00,    4.96,    2.96,   3.16,  -1.84,   4.72,    1.75,    0.61
2010-05-31,   -7.90,    0.08,   -2.48,  -0.20,   0.51,  -3.09,   -0.24,    1.30
2010-06-30,   -5.57,   -2.42,   -4.73,  -2.70,  -4.79,  -5.27,   -1.58,   -0.10
2010-07-31,    6.92,    0.04,   -0.50,   1.78,   4.06,   0.74,    2.02,    0.17
2010-08-31,   -4.77,   -3.06,   -1.73,   0.04,   1.01,  -3.83,   -1.60,    0.60
2010-09-30,    9.55,    3.65,   -3.02,   1.38,   3.29,   1.81,    0.38,   -0.19
2010-10-31,    3.87,    0.73,   -2.46,   1.46,  -1.20,  -2.07,   -0.38,    1.28
2010-11-30,    0.59,    3.54,   -0.90,   2.73,  -0.86,  -0.83,    1.79,    0.32
2010-12-31,    6.82,    0.97,    3.56,  -3.00,   2.26,   4.58,    3.17,   -3.42
2011-01-31,    1.98,   -2.31,    0.61,  -0.30,  -0.09,   0.86,    0.81,   -0.64
2011-02-28,    3.48,    1.65,    1.18,   1.88,  -0.92,   1.14,    0.84,   -1.83
2011-03-31,    0.46,    2.56,   -1.84,   3.45,  -0.82,  -1.99,   -0.07,    1.73
2011-04-30,    2.90,   -0.53,   -2.44,   0.05,  -1.01,  -2.18,   -0.86,    1.12
2011-05-31,   -1.27,   -0.72,   -1.85,  -0.60,  -1.22,  -2.38,   -1.43,    1.92
2011-06-30,   -1.74,    0.06,   -0.20,   1.82,  -0.96,  -1.90,   -1.42,    2.27
2011-07-31,   -2.35,   -1.11,   -0.91,   0.20,  -1.16,  -2.43,   -1.73,    2.68
2011-08-31,   -5.96,   -3.09,   -2.43,  -0.27,  -1.39,  -5.98,   -0.26,    3.41
2011-09-30,   -7.57,   -3.49,   -1.53,  -2.40,  -9.53,  -5.04,    0.15,    1.99
2011-10-31,   11.34,    3.25,    0.06,  -1.40,  12.19,   3.63,   -0.73,   -2.25
2011-11-30,   -0.27,   -0.30,   -0.52,   3.88,   1.26,  -3.43,    1.44,    1.94
2011-12-31,    0.75,   -0.29,    1.54,   1.83,  -1.55,   2.07,    2.47,    1.06
2012-01-31,    5.05,    2.02,   -0.93,  -8.01,   6.54,   1.49,   -1.48,   -2.06
2012-02-29,    4.40,   -1.67,    0.42,  -0.26,  -0.37,   1.66,   -0.08,   -0.36
2012-03-31,    3.11,   -0.48,    1.19,   1.31,  -0.78,   2.69,    0.70,   -0.61
2012-04-30,   -0.84,   -0.50,   -0.77,   3.72,  -0.43,  -1.87,    0.66,    1.30
2012-05-31,   -6.17,   -0.08,   -0.95,   6.44,  -3.48,  -1.78,    2.36,    2.03
2012-06-30,    3.90,    0.89,    0.55,  -1.10,  -0.81,   1.67,    0.45,   -1.06
2012-07-31,    0.79,   -2.81,   -0.06,   3.00,   1.37,  -1.99,    0.01,    1.04
2012-08-31,    2.54,    0.44,    1.23,  -2.35,   3.03,   1.91,   -0.86,   -1.50
2012-09-30,    2.73,    0.57,    1.62,  -1.13,  -0.21,   1.80,    1.56,   -1.30
2012-10-31,   -1.76,   -0.83,    3.52,   0.05,   0.31,   1.06,    2.52,   -1.40
2012-11-30,    0.78,    0.40,   -0.86,   0.53,   0.91,  -0.65,    0.81,    0.38
2012-12-31,    1.18,    1.92,    3.48,  -2.93,   0.19,   3.80,    0.80,   -1.72
